model,avg_region_bias_gap,n
swin,0.026638,4
mae,0.028204,4
siglip,0.029644,4
deit,0.029681,4
dino,0.030705,4
convnext,0.032770,4
clip,0.038384,4
maxvit,0.041693,4
resnet,0.042210,4
